test,loc,year,environment,genotype,code,rep,plot,maturity_date,height,lodging,oil,protein,yield,seed_weight,seed_quality,protein_plus_oil
Test 1,CLA,2020,CLA - 2020,N18-1674,1,1,3,52,38,3.5,20.58,45.88,41.4414,15.6,2,66.46
Test 1,CLA,2020,CLA - 2020,N18-1674,1,2,39,51,42,3,21.15,44.57,50.6979,15.7,1.5,65.72
Test 1,CLA,2020,CLA - 2020,N18-1674,1,3,53,51,,,,,40.8573,14.8,1.5,
Test 1,CLA,2020,CLA - 2020,N18-1674,1,4,71,,,,,,43.1772,,1.5,
Test 1,CLA,2020,CLA - 2020,N18-1635,2,1,13,,25,3,20.31,44.53,35.9634,16.1,2,64.84
Test 1,CLA,2020,CLA - 2020,N18-1635,2,2,24,54,40,3,20.05,45.57,52.1433,15,2,65.62
Test 1,CLA,2020,CLA - 2020,N18-1635,2,3,59,54,,,,,52.4403,14.7,2,
Test 1,CLA,2020,CLA - 2020,N18-1635,2,4,63,,,,,,38.1282,,2,
Test 1,CLA,2020,CLA - 2020,N18-1641,3,1,5,57,34,3,20.96,44.27,37.7058,14.9,2,65.23
Test 1,CLA,2020,CLA - 2020,N18-1641,3,2,27,53,37,3.5,20.54,44.77,40.0851,15.9,2.5,65.31
Test 1,CLA,2020,CLA - 2020,N18-1641,3,3,49,53,,,,,57.7071,14.7,2,
Test 1,CLA,2020,CLA - 2020,N18-1641,3,4,80,,,,,,53.9022,,2,
Test 1,CLA,2020,CLA - 2020,N18-1595,4,1,11,52,32,2.5,18.87,47.86,58.3605,16.1,2,66.73
Test 1,CLA,2020,CLA - 2020,N18-1595,4,2,34,51,40,2.5,18.66,48.45,45.3915,15.8,2,67.11
Test 1,CLA,2020,CLA - 2020,N18-1595,4,3,57,49,,,,,48.2196,15.5,1.5,
Test 1,CLA,2020,CLA - 2020,N18-1595,4,4,70,,,,,,49.6386,,2,
Test 1,CLA,2020,CLA - 2020,N18-1604,5,1,20,49,35,3.5,20.23,45.48,64.9242,15,2,65.71
Test 1,CLA,2020,CLA - 2020,N18-1604,5,2,38,51,30,3.5,21.47,43.07,42.4314,15.6,2,64.54
Test 1,CLA,2020,CLA - 2020,N18-1604,5,3,43,52,,,,,39.0753,14.8,2,
Test 1,CLA,2020,CLA - 2020,N18-1604,5,4,72,,,,,,39.3327,,2,
Test 1,CLA,2020,CLA - 2020,N18-1632-1,6,1,16,51,40,1.5,20.39,46.5,48.3648,15.4,2,66.89
Test 1,CLA,2020,CLA - 2020,N18-1632-1,6,2,30,53,38,2,19.83,47.77,67.7754,15.5,1.5,67.6
Test 1,CLA,2020,CLA - 2020,N18-1632-1,6,3,52,54,,,,,48.5661,17.5,2,
Test 1,CLA,2020,CLA - 2020,N18-1632-1,6,4,67,,,,,,40.9167,,2,
Test 1,CLA,2020,CLA - 2020,N18-1956,7,1,8,59,32,2.5,18.96,47.29,36.1185,16.8,2.5,66.25
Test 1,CLA,2020,CLA - 2020,N18-1956,7,2,37,57,41,2.5,19.65,46.21,31.6239,14.9,2.5,65.86
Test 1,CLA,2020,CLA - 2020,N18-1956,7,3,58,,,,,,19.965,14.2,3,
Test 1,CLA,2020,CLA - 2020,N18-1956,7,4,78,,,,,,24.7203,,3,
Test 1,CLA,2020,CLA - 2020,N18-1572,8,1,7,51,35,2.5,20.98,45.29,52.8429,16.3,1.5,66.27
Test 1,CLA,2020,CLA - 2020,N18-1572,8,2,25,49,41,2,21.21,45.99,56.463,16.6,1.5,67.2
Test 1,CLA,2020,CLA - 2020,N18-1572,8,3,46,49,,,,,42.4941,16.2,2,
Test 1,CLA,2020,CLA - 2020,N18-1572,8,4,73,,,,,,34.9932,,1.5,
Test 1,CLA,2020,CLA - 2020,N18-1751,9,1,4,52,32,2.5,20.3,44.95,57.1956,17.1,1.5,65.25
Test 1,CLA,2020,CLA - 2020,N18-1751,9,2,40,49,32,2,18.82,46.52,53.2884,15.5,2,65.34
Test 1,CLA,2020,CLA - 2020,N18-1751,9,3,44,52,,,,,46.7082,16.9,2,
Test 1,CLA,2020,CLA - 2020,N18-1751,9,4,68,,,,,,49.929,,2,
Test 1,CLA,2020,CLA - 2020,N18-1855,10,1,17,54,40,2.5,20.98,46.88,49.8432,18.1,2.5,67.86
Test 1,CLA,2020,CLA - 2020,N18-1855,10,2,22,54,35,2,19.79,49.13,45.0054,18.3,2,68.92
Test 1,CLA,2020,CLA - 2020,N18-1855,10,3,47,51,,,,,43.461,16.6,2,
Test 1,CLA,2020,CLA - 2020,N18-1855,10,4,62,,,,,,43.2861,,2,
Test 1,CLA,2020,CLA - 2020,N18-1620,11,1,1,49,33,1.5,22,42.82,58.9215,14.9,1.5,64.82
Test 1,CLA,2020,CLA - 2020,N18-1620,11,2,31,56,34,1.5,20.49,44.92,54.5688,16.6,2,65.41
Test 1,CLA,2020,CLA - 2020,N18-1620,11,3,41,49,,,,,55.7271,14.9,2,
Test 1,CLA,2020,CLA - 2020,N18-1620,11,4,61,,,,,,48.0315,,1.5,
Test 1,CLA,2020,CLA - 2020,N18-1763,12,1,2,49,37,3,19.46,48.01,51.7968,13.5,1.5,67.47
Test 1,CLA,2020,CLA - 2020,N18-1763,12,2,32,59,34,3,18.87,48.82,39.8673,14.4,2,67.69
Test 1,CLA,2020,CLA - 2020,N18-1763,12,3,48,49,,,,,41.6295,13.8,1.5,
Test 1,CLA,2020,CLA - 2020,N18-1763,12,4,74,,,,,,35.4156,,1.5,
Test 1,CLA,2020,CLA - 2020,N18-1682,13,1,12,52,36,2.5,20.65,44.68,52.0938,14.5,2,65.33
Test 1,CLA,2020,CLA - 2020,N18-1682,13,2,26,51,40,2,20.26,45.58,55.3113,14.4,2.5,65.84
Test 1,CLA,2020,CLA - 2020,N18-1682,13,3,42,51,,,,,47.8335,15.1,1.5,
Test 1,CLA,2020,CLA - 2020,N18-1682,13,4,75,,,,,,40.3359,,1.5,
Test 1,CLA,2020,CLA - 2020,N18-1731,14,1,15,51,42,2,20.89,45.25,45.6423,18.7,1.5,66.14
Test 1,CLA,2020,CLA - 2020,N18-1731,14,2,21,52,44,3.5,20.05,47.55,69.0822,18.1,2,67.6
Test 1,CLA,2020,CLA - 2020,N18-1731,14,3,51,56,,,,,59.7663,19.6,2,
Test 1,CLA,2020,CLA - 2020,N18-1731,14,4,77,,,,,,32.9802,,2.5,
Test 1,CLA,2020,CLA - 2020,N18-1632-2,15,1,14,54,37,2.5,20.34,46.65,52.0707,15.7,2,66.99
Test 1,CLA,2020,CLA - 2020,N18-1632-2,15,2,36,51,41,2,20.1,47.03,48.1635,16,1.5,67.13
Test 1,CLA,2020,CLA - 2020,N18-1632-2,15,3,45,50,,,,,55.6875,16.4,2,
Test 1,CLA,2020,CLA - 2020,N18-1632-2,15,4,64,,,,,,49.7739,,1.5,
Test 1,CLA,2020,CLA - 2020,Dunphy,16,1,18,54,28,1.5,20.68,42.76,45.4905,15.7,2,63.44
Test 1,CLA,2020,CLA - 2020,Dunphy,16,2,28,53,30,1.5,20.97,42.81,47.6916,15.5,2,63.78
Test 1,CLA,2020,CLA - 2020,Dunphy,16,3,56,51,,,,,51.81,16.1,2,
Test 1,CLA,2020,CLA - 2020,Dunphy,16,4,79,,,,,,43.4148,,2,
Test 1,CLA,2020,CLA - 2020,Dilday,17,1,10,51,38,2,22.68,41,53.1036,14.8,2,63.68
Test 1,CLA,2020,CLA - 2020,Dilday,17,2,29,53,34,2,22.24,41.31,59.3439,16.4,2,63.55
Test 1,CLA,2020,CLA - 2020,Dilday,17,3,54,54,,,,,48.543,16.4,2.5,
Test 1,CLA,2020,CLA - 2020,Dilday,17,4,69,,,,,,52.8528,,2,
Test 1,CLA,2020,CLA - 2020,NC-Raleigh,18,1,6,,37,4,22.4,41.24,39.4515,12.1,2.5,63.64
Test 1,CLA,2020,CLA - 2020,NC-Raleigh,18,2,33,,42,4,22.14,41.72,44.7084,12,2.5,63.86
Test 1,CLA,2020,CLA - 2020,NC-Raleigh,18,3,55,,,,,,46.8897,12,2,
Test 1,CLA,2020,CLA - 2020,NC-Raleigh,18,4,65,,,,,,35.8974,,2,
Test 1,CLA,2020,CLA - 2020,LMN09-119,19,1,9,51,42,2,17.52,51.56,49.6188,19,1.5,69.08
Test 1,CLA,2020,CLA - 2020,LMN09-119,19,2,23,50,34,2.5,18.55,50.2,46.5531,17.7,2,68.75
Test 1,CLA,2020,CLA - 2020,LMN09-119,19,3,60,51,,,,,49.2723,19.1,2,
Test 1,CLA,2020,CLA - 2020,LMN09-119,19,4,66,,,,,,41.1411,,1.5,
Test 1,CLA,2020,CLA - 2020,N09-09,20,1,19,51,36,2,19.28,47.39,43.6326,14.7,1.5,66.67
Test 1,CLA,2020,CLA - 2020,N09-09,20,2,35,53,41,2,18.73,48.05,45.9855,15.4,1.5,66.78
Test 1,CLA,2020,CLA - 2020,N09-09,20,3,50,53,,,,,45.012,15.5,2,
Test 1,CLA,2020,CLA - 2020,N09-09,20,4,76,,,,,,32.1222,,1.5,
Test 1,CAS,2020,CAS - 2020,N18-1674,1,1,3,28,38,4,19.61,47.11,26.9742,18.4,3,66.72
Test 1,CAS,2020,CAS - 2020,N18-1674,1,2,33,27,28,4,20.46,46.3,16.7739,16.8,3,66.76
Test 1,CAS,2020,CAS - 2020,N18-1674,1,3,56,,31,3,,,19.1466,16.9,3,
Test 1,CAS,2020,CAS - 2020,N18-1674,1,4,78,,31,3.5,,,32.6634,,,
Test 1,CAS,2020,CAS - 2020,N18-1635,2,1,4,28,36,4,20.04,45.54,33.5445,16.8,1.5,65.58
Test 1,CAS,2020,CAS - 2020,N18-1635,2,2,40,26,41,4,21.49,43.59,29.5944,15.5,1.5,65.08
Test 1,CAS,2020,CAS - 2020,N18-1635,2,3,60,,35,3,,,23.8524,15.8,2,
Test 1,CAS,2020,CAS - 2020,N18-1635,2,4,77,,46,3.5,,,38.9202,,,
Test 1,CAS,2020,CAS - 2020,N18-1641,3,1,10,27,36,5,20.37,44.56,18.711,19,1.5,64.93
Test 1,CAS,2020,CAS - 2020,N18-1641,3,2,27,27,34,3.5,20.29,44.76,18.3348,18,1.5,65.05
Test 1,CAS,2020,CAS - 2020,N18-1641,3,3,49,,36,4,,,22.1958,18.5,2,
Test 1,CAS,2020,CAS - 2020,N18-1641,3,4,65,,37,4,,,11.8866,,,
Test 1,CAS,2020,CAS - 2020,N18-1595,4,1,5,28,31,3.5,17.91,49.05,17.1864,19.4,1.5,66.96
Test 1,CAS,2020,CAS - 2020,N18-1595,4,2,21,27,32,4,19.4,47.87,16.2822,19.6,1.5,67.27
Test 1,CAS,2020,CAS - 2020,N18-1595,4,3,45,,41,4,,,16.3911,18.9,1.5,
Test 1,CAS,2020,CAS - 2020,N18-1595,4,4,64,,36,5,,,16.5561,,,
Test 1,CAS,2020,CAS - 2020,N18-1604,5,1,1,27,39,5,20.22,44.93,18.612,18.4,1.5,65.15
Test 1,CAS,2020,CAS - 2020,N18-1604,5,2,30,27,37,4,20.61,44.76,15.3087,19.1,1.5,65.37
Test 1,CAS,2020,CAS - 2020,N18-1604,5,3,48,,36,4,,,12.5136,19.6,2,
Test 1,CAS,2020,CAS - 2020,N18-1604,5,4,66,,36,4,,,13.9161,,,
Test 1,CAS,2020,CAS - 2020,N18-1632-1,6,1,9,26,33,3.5,20.71,46.9,20.4996,16.6,2,67.61
Test 1,CAS,2020,CAS - 2020,N18-1632-1,6,2,38,28,31,2.5,19.35,47.51,19.7967,18.5,2,66.86
Test 1,CAS,2020,CAS - 2020,N18-1632-1,6,3,41,,36,3.5,,,28.4592,18.4,2,
Test 1,CAS,2020,CAS - 2020,N18-1632-1,6,4,76,,36,3.5,,,18.6846,,,
Test 1,CAS,2020,CAS - 2020,N18-1956,7,1,19,27,42,4,20.83,45.47,19.8924,17,1.5,66.3
Test 1,CAS,2020,CAS - 2020,N18-1956,7,2,39,26,42,4,20.89,45.98,21.0309,17.6,1.5,66.87
Test 1,CAS,2020,CAS - 2020,N18-1956,7,3,46,,42,3.5,,,19.3743,17.2,2,
Test 1,CAS,2020,CAS - 2020,N18-1956,7,4,71,,31,4,,,19.1037,,,
Test 1,CAS,2020,CAS - 2020,N18-1572,8,1,2,28,36,4.5,20.08,45.66,13.2462,19.2,2,65.74
Test 1,CAS,2020,CAS - 2020,N18-1572,8,2,25,26,36,3,19.94,45.45,14.0415,19.9,3,65.39
Test 1,CAS,2020,CAS - 2020,N18-1572,8,3,43,,34,4,,,12.4608,18.6,3,
Test 1,CAS,2020,CAS - 2020,N18-1572,8,4,70,,35,4,,,10.0485,,,
Test 1,CAS,2020,CAS - 2020,N18-1751,9,1,11,27,32,4,19.98,45.69,10.9032,18.7,3,65.67
Test 1,CAS,2020,CAS - 2020,N18-1751,9,2,23,29,34,4,19.32,46.57,12.1968,20.6,3,65.89
Test 1,CAS,2020,CAS - 2020,N18-1751,9,3,50,,33,4,,,10.8042,18.5,3,
Test 1,CAS,2020,CAS - 2020,N18-1751,9,4,75,,31,3.5,,,14.5299,,,
Test 1,CAS,2020,CAS - 2020,N18-1855,10,1,12,29,37,3,19.81,48.23,32.0925,19.7,2,68.04
Test 1,CAS,2020,CAS - 2020,N18-1855,10,2,31,27,37,3.5,19.78,49.07,29.9772,19.7,2,68.85
Test 1,CAS,2020,CAS - 2020,N18-1855,10,3,52,,36,3.5,,,30.5745,20.4,3,
Test 1,CAS,2020,CAS - 2020,N18-1855,10,4,67,,35,3,,,34.9833,,,
Test 1,CAS,2020,CAS - 2020,N18-1620,11,1,14,28,36,3,19.4,45.98,18.7737,19.2,2,65.38
Test 1,CAS,2020,CAS - 2020,N18-1620,11,2,32,27,35,4,20.31,45.61,22.9449,19.7,3,65.92
Test 1,CAS,2020,CAS - 2020,N18-1620,11,3,53,,36,3.5,,,8.4348,20.3,3,
Test 1,CAS,2020,CAS - 2020,N18-1620,11,4,61,,35,3.5,,,22.9515,,,
Test 1,CAS,2020,CAS - 2020,N18-1763,12,1,13,29,43,3,18.34,50.25,12.3519,20,2,68.59
Test 1,CAS,2020,CAS - 2020,N18-1763,12,2,37,29,32,3.5,18.06,49.97,16.4637,19.9,3,68.03
Test 1,CAS,2020,CAS - 2020,N18-1763,12,3,51,,35,3.5,,,22.572,19,2,
Test 1,CAS,2020,CAS - 2020,N18-1763,12,4,72,,30,4,,,17.2788,,,
Test 1,CAS,2020,CAS - 2020,N18-1682,13,1,16,29,36,3,18.21,46.97,15.7212,18.5,2,65.18
Test 1,CAS,2020,CAS - 2020,N18-1682,13,2,22,27,35,4,19.83,45.91,11.1111,18.9,2,65.74
Test 1,CAS,2020,CAS - 2020,N18-1682,13,3,57,,33,3.5,,,9.2136,18.4,3,
Test 1,CAS,2020,CAS - 2020,N18-1682,13,4,69,,36,4,,,12.0351,,,
Test 1,CAS,2020,CAS - 2020,N18-1731,14,1,15,29,41,3,19.68,47.59,20.9319,19.7,3.5,67.27
Test 1,CAS,2020,CAS - 2020,N18-1731,14,2,29,27,41,3.5,20,46.95,22.0902,19.5,3,66.95
Test 1,CAS,2020,CAS - 2020,N18-1731,14,3,59,,38,3,,,23.0043,19.4,3,
Test 1,CAS,2020,CAS - 2020,N18-1731,14,4,80,,40,3.5,,,21.846,,,
Test 1,CAS,2020,CAS - 2020,N18-1632-2,15,1,17,29,35,3,18.97,48.6,14.1999,18,3.5,67.57
Test 1,CAS,2020,CAS - 2020,N18-1632-2,15,2,36,29,31,3,20.09,48.06,25.7334,17.9,3,68.15
Test 1,CAS,2020,CAS - 2020,N18-1632-2,15,3,42,,33,3,,,22.7238,18.5,3,
Test 1,CAS,2020,CAS - 2020,N18-1632-2,15,4,68,,30,3.5,,,21.2652,,,
Test 1,CAS,2020,CAS - 2020,Dunphy,16,1,18,26,29,2.5,20.8,42.3,28.314,17.7,1.5,63.1
Test 1,CAS,2020,CAS - 2020,Dunphy,16,2,24,27,31,2.5,19.81,43.35,30.0993,18.5,1.5,63.16
Test 1,CAS,2020,CAS - 2020,Dunphy,16,3,58,,30,2.5,,,23.2617,17.9,1.5,
Test 1,CAS,2020,CAS - 2020,Dunphy,16,4,63,,29,2.5,,,27.5352,,,
Test 1,CAS,2020,CAS - 2020,Dilday,17,1,20,28,25,4,21.25,42.84,15.8994,18.9,2,64.09
Test 1,CAS,2020,CAS - 2020,Dilday,17,2,35,29,32,2.5,20.15,44.25,15.0282,17.6,2.5,64.4
Test 1,CAS,2020,CAS - 2020,Dilday,17,3,44,,35,4,,,18.8034,19,2.5,
Test 1,CAS,2020,CAS - 2020,Dilday,17,4,74,,35,3.5,,,30.7758,,,
Test 1,CAS,2020,CAS - 2020,NC-Raleigh,18,1,7,29,37,4,23.35,40.15,33.3696,13.1,1.5,63.5
Test 1,CAS,2020,CAS - 2020,NC-Raleigh,18,2,34,30,42,4,23.51,40.37,20.1894,13.8,1.5,63.88
Test 1,CAS,2020,CAS - 2020,NC-Raleigh,18,3,54,,36,4,,,30.0597,13.8,1.5,
Test 1,CAS,2020,CAS - 2020,NC-Raleigh,18,4,62,,38,4,,,26.1228,,,
Test 1,CAS,2020,CAS - 2020,LMN09-119,19,1,8,28,41,4,16.38,53.47,17.0676,19.4,3,69.85
Test 1,CAS,2020,CAS - 2020,LMN09-119,19,2,26,27,38,3,16.45,53.81,18.7044,20.3,3,70.26
Test 1,CAS,2020,CAS - 2020,LMN09-119,19,3,47,,35,3.5,,,16.6914,19.2,3,
Test 1,CAS,2020,CAS - 2020,LMN09-119,19,4,79,,41,3.5,,,24.4959,,,
Test 1,CAS,2020,CAS - 2020,N09-09,20,1,6,29,37,3.5,19.18,47.47,26.9049,16.3,1.5,66.65
Test 1,CAS,2020,CAS - 2020,N09-09,20,2,28,28,34,3.5,19.78,45.76,25.4661,16.8,1.5,65.54
Test 1,CAS,2020,CAS - 2020,N09-09,20,3,55,,37,3.5,,,19.6581,18.3,1.5,
Test 1,CAS,2020,CAS - 2020,N09-09,20,4,73,,37,4,,,29.6439,,,
Test 1,CAS,2021,CAS - 2021,N18-1674,1,1,18,21,40,2.5,21.94,43.9,65.57508,15,1.5,65.84
Test 1,CAS,2021,CAS - 2021,N18-1674,1,2,31,21,42,2,21.64,44.82,56.80164,15.1,1.5,66.46
Test 1,CAS,2021,CAS - 2021,N18-1674,1,3,55,,37,,,,55.98312,15.9,,
Test 1,CAS,2021,CAS - 2021,N18-1674,1,4,76,,,,,,51.65112,,,
Test 1,CAS,2021,CAS - 2021,N18-1635,2,1,8,22,34,2.5,22.98,41.96,60.66396,16,1.5,64.94
Test 1,CAS,2021,CAS - 2021,N18-1635,2,2,30,21,40,2,23.28,40.8,57.72276,15.3,1.5,64.08
Test 1,CAS,2021,CAS - 2021,N18-1635,2,3,48,,40,,,,58.49796,15.6,,
Test 1,CAS,2021,CAS - 2021,N18-1635,2,4,69,,,,,,63.18564,,,
Test 1,CAS,2021,CAS - 2021,N18-1641,3,1,12,23,40,2.5,22.03,41.22,54.30504,14.6,1.5,63.25
Test 1,CAS,2021,CAS - 2021,N18-1641,3,2,33,23,38,3,21.86,43.04,54.35748,15.3,1.5,64.9
Test 1,CAS,2021,CAS - 2021,N18-1641,3,3,42,,38,,,,58.92888,14.7,,
Test 1,CAS,2021,CAS - 2021,N18-1641,3,4,67,,,,,,52.3146,,,
Test 1,CAS,2021,CAS - 2021,N18-1595,4,1,11,20,36,2.5,20.48,44.87,57.31008,14.5,1.5,65.35
Test 1,CAS,2021,CAS - 2021,N18-1595,4,2,36,21,36,2.5,20.86,44.9,58.39764,15.6,1.5,65.76
Test 1,CAS,2021,CAS - 2021,N18-1595,4,3,59,,34,,,,58.57092,14.1,,
Test 1,CAS,2021,CAS - 2021,N18-1595,4,4,68,,,,,,55.3356,,,
Test 1,CAS,2021,CAS - 2021,N18-1604,5,1,6,21,38,3,22.6,41.52,58.09896,15.3,1.5,64.12
Test 1,CAS,2021,CAS - 2021,N18-1604,5,2,29,20,42,2.5,21.92,43.39,62.80488,15.4,1.5,65.31
Test 1,CAS,2021,CAS - 2021,N18-1604,5,3,44,,36,,,,60.50436,15.6,,
Test 1,CAS,2021,CAS - 2021,N18-1604,5,4,63,,,,,,54.33696,,,
Test 1,CAS,2021,CAS - 2021,N18-1632-1,6,1,4,20,41,1.5,21.74,44.65,59.74968,14.1,1.5,66.39
Test 1,CAS,2021,CAS - 2021,N18-1632-1,6,2,23,20,36,1.5,21.61,45.58,65.63208,15.1,1.5,67.19
Test 1,CAS,2021,CAS - 2021,N18-1632-1,6,3,60,,40,,,,63.24948,16.2,,
Test 1,CAS,2021,CAS - 2021,N18-1632-1,6,4,72,,,,,,60.87372,,,
Test 1,CAS,2021,CAS - 2021,N18-1956,7,1,20,22,42,2.5,22.71,42.6,53.7966,15.8,1.5,65.31
Test 1,CAS,2021,CAS - 2021,N18-1956,7,2,28,23,42,2.5,23.24,42.79,54.1842,16.9,1.5,66.03
Test 1,CAS,2021,CAS - 2021,N18-1956,7,3,56,,44,,,,47.07516,16.9,,
Test 1,CAS,2021,CAS - 2021,N18-1956,7,4,65,,,,,,46.28172,,,
Test 1,CAS,2021,CAS - 2021,N18-1572,8,1,1,20,42,1.5,22.48,42.46,52.73868,15.6,1.5,64.94
Test 1,CAS,2021,CAS - 2021,N18-1572,8,2,26,20,44,2,22.85,43.19,36.50508,16.7,1.5,66.04
Test 1,CAS,2021,CAS - 2021,N18-1572,8,3,53,,42,,,,60.66168,16.3,,
Test 1,CAS,2021,CAS - 2021,N18-1572,8,4,71,,,,,,51.21564,,,
Test 1,CAS,2021,CAS - 2021,N18-1751,9,1,7,20,34,2,21.76,41.78,56.79708,14.7,1.5,63.54
Test 1,CAS,2021,CAS - 2021,N18-1751,9,2,27,20,38,2,20.85,43.2,64.00644,15.5,1.5,64.05
Test 1,CAS,2021,CAS - 2021,N18-1751,9,3,50,,38,,,,59.6676,14.9,,
Test 1,CAS,2021,CAS - 2021,N18-1751,9,4,66,,,,,,67.18476,,,
Test 1,CAS,2021,CAS - 2021,N18-1855,10,1,2,22,40,1.5,21.19,45.81,54.8796,18,2,67
Test 1,CAS,2021,CAS - 2021,N18-1855,10,2,22,22,41,1.5,21.18,46.94,53.0442,17.3,1.5,68.12
Test 1,CAS,2021,CAS - 2021,N18-1855,10,3,47,,40,,,,49.85448,17.6,,
Test 1,CAS,2021,CAS - 2021,N18-1855,10,4,62,,,,,,49.52616,,,
Test 1,CAS,2021,CAS - 2021,N18-1620,11,1,19,20,38,2,22.02,42.34,64.93668,13.6,1.5,64.36
Test 1,CAS,2021,CAS - 2021,N18-1620,11,2,35,20,40,1.5,22.45,40.95,65.32428,13.7,1.5,63.4
Test 1,CAS,2021,CAS - 2021,N18-1620,11,3,49,,38,,,,61.25448,13.7,,
Test 1,CAS,2021,CAS - 2021,N18-1620,11,4,79,,,,,,66.86556,,,
Test 1,CAS,2021,CAS - 2021,N18-1763,12,1,3,20,39,2.5,20.89,45.11,53.26308,14.3,1.5,66
Test 1,CAS,2021,CAS - 2021,N18-1763,12,2,37,21,38,2,20.54,46.5,61.82676,15,1.5,67.04
Test 1,CAS,2021,CAS - 2021,N18-1763,12,3,58,,42,,,,57.00456,14.7,,
Test 1,CAS,2021,CAS - 2021,N18-1763,12,4,75,,,,,,51.29772,,,
Test 1,CAS,2021,CAS - 2021,N18-1682,13,1,5,20,38,2,21.76,43.94,60.68904,15,1.5,65.7
Test 1,CAS,2021,CAS - 2021,N18-1682,13,2,39,20,38,1.5,21.46,43.91,66.12684,15.1,1.5,65.37
Test 1,CAS,2021,CAS - 2021,N18-1682,13,3,43,,38,,,,59.87736,14.6,,
Test 1,CAS,2021,CAS - 2021,N18-1682,13,4,77,,,,,,60.26724,,,
Test 1,CAS,2021,CAS - 2021,N18-1731,14,1,17,20,40,2.5,21.6,44.18,53.24028,16.5,2,65.78
Test 1,CAS,2021,CAS - 2021,N18-1731,14,2,34,20,40,2.5,21.21,44.35,59.07708,17,1.5,65.56
Test 1,CAS,2021,CAS - 2021,N18-1731,14,3,45,,42,,,,54.52848,17.5,,
Test 1,CAS,2021,CAS - 2021,N18-1731,14,4,70,,,,,,54.79524,,,
Test 1,CAS,2021,CAS - 2021,N18-1632-2,15,1,14,21,40,1.5,21.69,44.59,65.23992,14.8,1.5,66.28
Test 1,CAS,2021,CAS - 2021,N18-1632-2,15,2,21,20,36,1.5,22.35,44.54,64.30512,15.8,1.5,66.89
Test 1,CAS,2021,CAS - 2021,N18-1632-2,15,3,41,,38,,,,57.80712,14.7,,
Test 1,CAS,2021,CAS - 2021,N18-1632-2,15,4,74,,,,,,64.7634,,,
Test 1,CAS,2021,CAS - 2021,Dunphy,16,1,13,20,34,1.5,23.07,39,60.80076,15.9,1.5,62.07
Test 1,CAS,2021,CAS - 2021,Dunphy,16,2,32,21,36,1.5,22.44,39.17,66.08352,15.9,1.5,61.61
Test 1,CAS,2021,CAS - 2021,Dunphy,16,3,51,,36,,,,61.2978,14.9,,
Test 1,CAS,2021,CAS - 2021,Dunphy,16,4,78,,,,,,50.1942,,,
Test 1,CAS,2021,CAS - 2021,Dilday,17,1,15,22,36,2,22.91,39.28,64.64484,15.7,1.5,62.19
Test 1,CAS,2021,CAS - 2021,Dilday,17,2,25,22,40,2,23.15,38.52,60.88056,15.6,1.5,61.67
Test 1,CAS,2021,CAS - 2021,Dilday,17,3,57,,36,,,,70.35396,16.6,,
Test 1,CAS,2021,CAS - 2021,Dilday,17,4,61,,,,,,60.6366,,,
Test 1,CAS,2021,CAS - 2021,NC-Raleigh,18,1,16,26,42,2.5,23.73,39.36,51.52344,12.5,1.5,63.09
Test 1,CAS,2021,CAS - 2021,NC-Raleigh,18,2,40,26,40,2,24.51,38.37,52.10712,13.1,1.5,62.88
Test 1,CAS,2021,CAS - 2021,NC-Raleigh,18,3,52,,43,,,,53.3064,11.7,,
Test 1,CAS,2021,CAS - 2021,NC-Raleigh,18,4,73,,,,,,54.76332,,,
Test 1,CAS,2021,CAS - 2021,LMN09-119,19,1,10,20,42,2,19.31,49.13,46.94292,17,1.5,68.44
Test 1,CAS,2021,CAS - 2021,LMN09-119,19,2,38,21,39,2.5,18.52,51.32,55.24668,17,1.5,69.84
Test 1,CAS,2021,CAS - 2021,LMN09-119,19,3,54,,40,,,,50.85084,16.4,,
Test 1,CAS,2021,CAS - 2021,LMN09-119,19,4,64,,,,,,50.10756,,,
Test 1,CAS,2021,CAS - 2021,N09-09,20,1,9,21,38,1.5,20.85,44.78,49.68576,14.7,1.5,65.63
Test 1,CAS,2021,CAS - 2021,N09-09,20,2,24,21,40,1.5,20.27,44.67,45.51108,15,1.5,64.94
Test 1,CAS,2021,CAS - 2021,N09-09,20,3,46,,44,,,,46.4322,17,,
Test 1,CAS,2021,CAS - 2021,N09-09,20,4,80,,,,,,52.44456,,,
Test 1,PLY,2021,PLY - 2021,N18-1674,1,1,4,18,34,1.5,22.25,44.43,51.11316,14.3,1,66.68
Test 1,PLY,2021,PLY - 2021,N18-1674,1,2,33,17,36,2,22.06,44.52,53.0586,12.7,1.5,66.58
Test 1,PLY,2021,PLY - 2021,N18-1674,1,3,50,,,,,,44.94672,12.6,,
Test 1,PLY,2021,PLY - 2021,N18-1674,1,4,76,,,,,,57.2544,,,
Test 1,PLY,2021,PLY - 2021,N18-1635,2,1,10,17,36,1.5,22.72,43.58,45.89676,13.3,1,66.3
Test 1,PLY,2021,PLY - 2021,N18-1635,2,2,24,17,35,2,22.86,43.28,47.45412,14,1,66.14
Test 1,PLY,2021,PLY - 2021,N18-1635,2,3,45,,,,,,53.7516,13.6,,
Test 1,PLY,2021,PLY - 2021,N18-1635,2,4,70,,,,,,51.41556,,,
Test 1,PLY,2021,PLY - 2021,N18-1641,3,1,20,18,26,1,22.57,41.37,39.87648,12.5,1.5,63.94
Test 1,PLY,2021,PLY - 2021,N18-1641,3,2,36,17,28,2,22.26,42.66,51.08544,12,1.5,64.92
Test 1,PLY,2021,PLY - 2021,N18-1641,3,3,53,,,,,,48.50748,12,,
Test 1,PLY,2021,PLY - 2021,N18-1641,3,4,62,,,,,,51.97752,,,
Test 1,PLY,2021,PLY - 2021,N18-1595,4,1,6,15,32,2.5,19.79,48.34,54.47988,12.8,1.5,68.13
Test 1,PLY,2021,PLY - 2021,N18-1595,4,2,39,14,32,1.5,20.17,47.51,50.8914,13.3,1.5,67.68
Test 1,PLY,2021,PLY - 2021,N18-1595,4,3,52,,,,,,44.33688,11.6,,
Test 1,PLY,2021,PLY - 2021,N18-1595,4,4,73,,,,,,48.9384,,,
Test 1,PLY,2021,PLY - 2021,N18-1604,5,1,14,18,34,1.5,22.36,43.2,60.37416,15.3,1,65.56
Test 1,PLY,2021,PLY - 2021,N18-1604,5,2,32,17,32,2.5,21.27,44.28,46.2672,12.7,1.5,65.55
Test 1,PLY,2021,PLY - 2021,N18-1604,5,3,47,,,,,,50.35968,12.9,,
Test 1,PLY,2021,PLY - 2021,N18-1604,5,4,71,,,,,,51.61464,,,
Test 1,PLY,2021,PLY - 2021,N18-1632-1,6,1,11,18,32,1,21.23,47.76,39.83616,12.9,1.5,68.99
Test 1,PLY,2021,PLY - 2021,N18-1632-1,6,2,31,16,35,1,21.25,46.45,55.1124,12.6,1.5,67.7
Test 1,PLY,2021,PLY - 2021,N18-1632-1,6,3,60,,,,,,46.76616,13.3,,
Test 1,PLY,2021,PLY - 2021,N18-1632-1,6,4,72,,,,,,47.46672,,,
Test 1,PLY,2021,PLY - 2021,N18-1956,7,1,5,19,44,2,22.61,43.34,43.1928,13.1,1.5,65.95
Test 1,PLY,2021,PLY - 2021,N18-1956,7,2,26,19,46,3,23.2,42.71,35.91,13.7,1,65.91
Test 1,PLY,2021,PLY - 2021,N18-1956,7,3,44,,,,,,41.54472,13.4,,
Test 1,PLY,2021,PLY - 2021,N18-1956,7,4,74,,,,,,42.87528,,,
Test 1,PLY,2021,PLY - 2021,N18-1572,8,1,13,15,32,1.5,21.24,45.85,45.13824,14.7,1.5,67.09
Test 1,PLY,2021,PLY - 2021,N18-1572,8,2,23,15,31,1,20.71,46.79,43.24068,13.5,1.5,67.5
Test 1,PLY,2021,PLY - 2021,N18-1572,8,3,43,,,,,,49.74228,14.1,,
Test 1,PLY,2021,PLY - 2021,N18-1572,8,4,78,,,,,,41.38596,,,
Test 1,PLY,2021,PLY - 2021,N18-1751,9,1,2,17,26,1,21.49,44.09,40.33764,13,1.5,65.58
Test 1,PLY,2021,PLY - 2021,N18-1751,9,2,40,16,28,1,21,45.64,44.24868,12.7,1.5,66.64
Test 1,PLY,2021,PLY - 2021,N18-1751,9,3,57,,,,,,32.3946,12.6,,
Test 1,PLY,2021,PLY - 2021,N18-1751,9,4,79,,,,,,45.24408,,,
Test 1,PLY,2021,PLY - 2021,N18-1855,10,1,12,18,30,1.5,21.9,46.39,36.68364,14.6,1.5,68.29
Test 1,PLY,2021,PLY - 2021,N18-1855,10,2,38,18,31,1.5,20.21,47.72,40.49388,13.7,1.5,67.93
Test 1,PLY,2021,PLY - 2021,N18-1855,10,3,58,,,,,,44.72496,14.3,,
Test 1,PLY,2021,PLY - 2021,N18-1855,10,4,77,,,,,,52.23456,,,
Test 1,PLY,2021,PLY - 2021,N18-1620,11,1,1,19,29,1,22.47,43.24,48.02364,12.2,1.5,65.71
Test 1,PLY,2021,PLY - 2021,N18-1620,11,2,25,17,29,1,22.1,43.17,56.39256,13.2,1.5,65.27
Test 1,PLY,2021,PLY - 2021,N18-1620,11,3,59,,,,,,45.13068,11.9,,
Test 1,PLY,2021,PLY - 2021,N18-1620,11,4,69,,,,,,46.36044,,,
Test 1,PLY,2021,PLY - 2021,N18-1763,12,1,17,16,34,1,20.97,46.67,46.37556,11.4,1.5,67.64
Test 1,PLY,2021,PLY - 2021,N18-1763,12,2,27,14,34,1.5,19.5,47.26,42.3108,10.7,1.5,66.76
Test 1,PLY,2021,PLY - 2021,N18-1763,12,3,56,,,,,,44.19072,13.5,,
Test 1,PLY,2021,PLY - 2021,N18-1763,12,4,68,,,,,,37.47996,,,
Test 1,PLY,2021,PLY - 2021,N18-1682,13,1,8,17,32,1.5,21.74,44.8,52.92,12.7,1.5,66.54
Test 1,PLY,2021,PLY - 2021,N18-1682,13,2,22,17,34,1,22.19,45.1,52.27992,13.2,1.5,67.29
Test 1,PLY,2021,PLY - 2021,N18-1682,13,3,51,,,,,,47.81196,12.4,,
Test 1,PLY,2021,PLY - 2021,N18-1682,13,4,61,,,,,,54.63864,,,
Test 1,PLY,2021,PLY - 2021,N18-1731,14,1,19,16,33,1,20.58,46.31,31.22784,14.1,1,66.89
Test 1,PLY,2021,PLY - 2021,N18-1731,14,2,28,13,31,1.5,19.89,46.63,46.26468,13.2,1.5,66.52
Test 1,PLY,2021,PLY - 2021,N18-1731,14,3,55,,,,,,55.47024,15.9,,
Test 1,PLY,2021,PLY - 2021,N18-1731,14,4,63,,,,,,40.57452,,,
Test 1,PLY,2021,PLY - 2021,N18-1632-2,15,1,3,18,31,1,21.65,46.88,42.13188,12.4,1.5,68.53
Test 1,PLY,2021,PLY - 2021,N18-1632-2,15,2,35,15,32,1,21.24,46.99,53.046,12.9,1.5,68.23
Test 1,PLY,2021,PLY - 2021,N18-1632-2,15,3,46,,,,,,52.33788,13.2,,
Test 1,PLY,2021,PLY - 2021,N18-1632-2,15,4,65,,,,,,52.26228,,,
Test 1,PLY,2021,PLY - 2021,Dunphy,16,1,16,18,24,1,22.6,41.95,59.91048,14.2,1,64.55
Test 1,PLY,2021,PLY - 2021,Dunphy,16,2,34,15,26,1.5,21.8,42.32,54.38916,13.8,1,64.12
Test 1,PLY,2021,PLY - 2021,Dunphy,16,3,54,,,,,,48.58308,12.4,,
Test 1,PLY,2021,PLY - 2021,Dunphy,16,4,64,,,,,,58.37328,,,
Test 1,PLY,2021,PLY - 2021,Dilday,17,1,18,14,26,1,23.17,41.12,40.56444,14.8,1.5,64.29
Test 1,PLY,2021,PLY - 2021,Dilday,17,2,29,16,25,1,23.08,41.44,50.32188,15.5,1,64.52
Test 1,PLY,2021,PLY - 2021,Dilday,17,3,42,,,,,,47.376,16.2,,
Test 1,PLY,2021,PLY - 2021,Dilday,17,4,75,,,,,,59.34852,,,
Test 1,PLY,2021,PLY - 2021,NC-Raleigh,18,1,9,26,34,1.5,24.07,39.08,33.93936,10.1,1,63.15
Test 1,PLY,2021,PLY - 2021,NC-Raleigh,18,2,37,26,33,2,24.28,38.96,44.95932,11.7,1,63.24
Test 1,PLY,2021,PLY - 2021,NC-Raleigh,18,3,49,,,,,,42.2478,10.6,,
Test 1,PLY,2021,PLY - 2021,NC-Raleigh,18,4,67,,,,,,47.1618,,,
Test 1,PLY,2021,PLY - 2021,LMN09-119,19,1,7,14,34,1.5,19.07,50.67,44.94168,14.6,1.5,69.74
Test 1,PLY,2021,PLY - 2021,LMN09-119,19,2,21,15,33,1,18.27,50.83,27.56628,13,1,69.1
Test 1,PLY,2021,PLY - 2021,LMN09-119,19,3,41,,,,,,40.64256,14.3,,
Test 1,PLY,2021,PLY - 2021,LMN09-119,19,4,80,,,,,,49.95648,,,
Test 1,PLY,2021,PLY - 2021,N09-09,20,1,15,21,35,1,20.15,46.32,52.66296,13.5,1.5,66.47
Test 1,PLY,2021,PLY - 2021,N09-09,20,2,30,21,36,1,19.93,46.04,49.22064,13.1,1,65.97
Test 1,PLY,2021,PLY - 2021,N09-09,20,3,48,,,,,,46.746,13.7,,
Test 1,PLY,2021,PLY - 2021,N09-09,20,4,66,,,,,,54.68904,,,
Test 2,CLA,2020,CLA - 2020,N18-1575,1,1,16,56,34,2.5,20.78,47.04,43.8966,17,1.5,67.82
Test 2,CLA,2020,CLA - 2020,N18-1575,1,2,27,56,34,2,19.38,50.09,44.4114,18.8,1.5,69.47
Test 2,CLA,2020,CLA - 2020,N18-1575,1,3,51,55,39,2.5,,,48.9357,17.5,1.5,
Test 2,CLA,2020,CLA - 2020,N18-1575,1,4,79,,36,2,,,33.9669,,1.5,
Test 2,CLA,2020,CLA - 2020,N18-1579,2,1,1,53,38,3,20.58,45.24,55.5951,15,1.5,65.82
Test 2,CLA,2020,CLA - 2020,N18-1579,2,2,40,49,41,3,20.18,45.14,53.1366,13.6,2,65.32
Test 2,CLA,2020,CLA - 2020,N18-1579,2,3,53,53,40,2,,,50.4075,14.8,2,
Test 2,CLA,2020,CLA - 2020,N18-1579,2,4,72,,35,1.5,,,33.0759,,1.5,
Test 2,CLA,2020,CLA - 2020,N18-1628,3,1,2,61,40,4,18.66,50.33,45.6126,15,2,68.99
Test 2,CLA,2020,CLA - 2020,N18-1628,3,2,34,59,38,3,18.73,50.09,38.5902,14,2.5,68.82
Test 2,CLA,2020,CLA - 2020,N18-1628,3,3,43,57,42,3.5,,,48.5364,14.8,2.5,
Test 2,CLA,2020,CLA - 2020,N18-1628,3,4,76,,35,2.5,,,26.1063,,2,
Test 2,CLA,2020,CLA - 2020,N18-1615,4,1,20,58,40,2.5,20.75,45.37,60.8784,17.4,1.5,66.12
Test 2,CLA,2020,CLA - 2020,N18-1615,4,2,36,54,36,2,21.17,44.3,56.0703,16.6,1.5,65.47
Test 2,CLA,2020,CLA - 2020,N18-1615,4,3,47,53,38,1.5,,,50.5857,17.2,1.5,
Test 2,CLA,2020,CLA - 2020,N18-1615,4,4,73,,34,1,,,46.2297,,1.5,
Test 2,CLA,2020,CLA - 2020,N18-1796,5,1,8,55,38,3,19.28,48.08,49.6716,14.2,1.5,67.36
Test 2,CLA,2020,CLA - 2020,N18-1796,5,2,22,54,40,3.5,18.83,49.6,55.0605,13.4,2,68.43
Test 2,CLA,2020,CLA - 2020,N18-1796,5,3,44,55,36,2.5,,,43.9428,14.1,2,
Test 2,CLA,2020,CLA - 2020,N18-1796,5,4,63,,37,2.5,,,48.1371,,1.5,
Test 2,CLA,2020,CLA - 2020,N18-1659,6,1,3,55,36,3.5,19.11,48.65,58.3407,14.7,2,67.76
Test 2,CLA,2020,CLA - 2020,N18-1659,6,2,29,53,38,2,18.08,49.94,49.3482,14.4,2,68.02
Test 2,CLA,2020,CLA - 2020,N18-1659,6,3,42,55,36,4,,,47.5893,14.9,2,
Test 2,CLA,2020,CLA - 2020,N18-1659,6,4,61,,35,2,,,40.9827,,2,
Test 2,CLA,2020,CLA - 2020,N18-1643,7,1,6,56,32,2,20.08,46.23,52.4205,15.7,2,66.31
Test 2,CLA,2020,CLA - 2020,N18-1643,7,2,26,56,30,2,21.12,44.37,47.5101,15.8,2,65.49
Test 2,CLA,2020,CLA - 2020,N18-1643,7,3,59,53,34,2,,,53.0409,15.6,1.5,
Test 2,CLA,2020,CLA - 2020,N18-1643,7,4,75,,30,1,,,24.6675,,2.5,
Test 2,CLA,2020,CLA - 2020,N18-1661,8,1,9,55,40,3.5,21.07,45.13,58.41,14.5,2,66.2
Test 2,CLA,2020,CLA - 2020,N18-1661,8,2,32,53,40,3,20.92,45.13,52.9386,14.4,2,66.05
Test 2,CLA,2020,CLA - 2020,N18-1661,8,3,41,55,42,3.5,,,52.7406,14.3,2.5,
Test 2,CLA,2020,CLA - 2020,N18-1661,8,4,69,,35,3,,,40.392,,2.5,
Test 2,CLA,2020,CLA - 2020,N18-1761,9,1,14,50,32,1.5,18.88,50,52.2423,15.5,2,68.88
Test 2,CLA,2020,CLA - 2020,N18-1761,9,2,31,50,36,2,18.29,50.56,49.764,16.1,2,68.85
Test 2,CLA,2020,CLA - 2020,N18-1761,9,3,48,51,34,1.5,,,51.9387,15.7,2.5,
Test 2,CLA,2020,CLA - 2020,N18-1761,9,4,70,,33,2,,,43.6095,,2,
Test 2,CLA,2020,CLA - 2020,N18-1820,10,1,15,55,30,3.5,21.33,43.61,46.2561,16.2,2,64.94
Test 2,CLA,2020,CLA - 2020,N18-1820,10,2,28,55,34,3,20.36,46.51,53.0739,16.5,2,66.87
Test 2,CLA,2020,CLA - 2020,N18-1820,10,3,55,53,34,2.5,,,52.2786,16.7,2,
Test 2,CLA,2020,CLA - 2020,N18-1820,10,4,65,,30,1.5,,,39.0324,,2,
Test 2,CLA,2020,CLA - 2020,N18-1586,11,1,17,55,33,2.5,20.17,47.02,54.1167,13.4,1,67.19
Test 2,CLA,2020,CLA - 2020,N18-1586,11,2,21,55,35,3,20.13,47.75,51.1896,14.1,1.5,67.88
Test 2,CLA,2020,CLA - 2020,N18-1586,11,3,60,53,34,2.5,,,46.9128,14.3,2,
Test 2,CLA,2020,CLA - 2020,N18-1586,11,4,68,,32,2,,,41.3919,,2.5,
Test 2,CLA,2020,CLA - 2020,N18-1577,12,1,19,52,37,3.5,19.35,49.61,54.5721,15.4,2,68.96
Test 2,CLA,2020,CLA - 2020,N18-1577,12,2,35,61,36,3,18.11,50.35,42.8769,16.5,2,68.46
Test 2,CLA,2020,CLA - 2020,N18-1577,12,3,45,56,36,3,,,42.7053,14.7,2,
Test 2,CLA,2020,CLA - 2020,N18-1577,12,4,78,,34,2.5,,,36.0888,,1.5,
Test 2,CLA,2020,CLA - 2020,N18-1627,13,1,4,53,35,2,20.03,47.29,58.5915,20.7,2,67.32
Test 2,CLA,2020,CLA - 2020,N18-1627,13,2,37,52,36,2,19.91,46.94,59.5254,20.4,2,66.85
Test 2,CLA,2020,CLA - 2020,N18-1627,13,3,58,53,36,2,,,59.532,18.4,1.5,
Test 2,CLA,2020,CLA - 2020,N18-1627,13,4,80,,34,2,,,42.5205,,1.5,
Test 2,CLA,2020,CLA - 2020,N18-1783,14,1,7,53,34,2.5,21.26,46.09,56.0736,17.3,2,67.35
Test 2,CLA,2020,CLA - 2020,N18-1783,14,2,30,55,38,2.5,19.92,47.96,47.5992,16.9,2,67.88
Test 2,CLA,2020,CLA - 2020,N18-1783,14,3,56,50,35,2,,,33.9603,16.4,1.5,
Test 2,CLA,2020,CLA - 2020,N18-1783,14,4,62,,38,2,,,41.8044,,1.5,
Test 2,CLA,2020,CLA - 2020,N18-1769,15,1,5,50,31,2.5,19.1,48.83,51.6912,19.3,1.5,67.93
Test 2,CLA,2020,CLA - 2020,N18-1769,15,2,38,50,30,2,18.93,49,45.0186,19,2.5,67.93
Test 2,CLA,2020,CLA - 2020,N18-1769,15,3,46,49,30,2,,,46.2462,18.5,2,
Test 2,CLA,2020,CLA - 2020,N18-1769,15,4,66,,31,1.5,,,30.3237,,2,
Test 2,CLA,2020,CLA - 2020,Osage,16,1,12,55,30,1,21.05,45.75,41.5008,16.6,2.5,66.8
Test 2,CLA,2020,CLA - 2020,Osage,16,2,39,44,31,1.5,,,56.5884,17.3,1.5,
Test 2,CLA,2020,CLA - 2020,Osage,16,3,49,45,33,1.5,,,54.4434,17.3,1.5,
Test 2,CLA,2020,CLA - 2020,Osage,16,4,64,42,28,1.5,,,33.9372,,2,
Test 2,CLA,2020,CLA - 2020,Ellis,17,1,18,49,34,1.5,20.96,43.13,63.6009,16.5,2.5,64.09
Test 2,CLA,2020,CLA - 2020,Ellis,17,2,23,50,32,1.5,21.15,43.19,50.5263,16.3,2.5,64.34
Test 2,CLA,2020,CLA - 2020,Ellis,17,3,54,42,31,1,,,48.1932,15.5,2.5,
Test 2,CLA,2020,CLA - 2020,Ellis,17,4,67,42,28,1,,,35.1153,,2,
Test 2,CLA,2020,CLA - 2020,Dunphy,18,1,10,55,30,1.5,21.18,42.45,61.5582,17.9,2.5,63.63
Test 2,CLA,2020,CLA - 2020,Dunphy,18,2,25,55,27,1.5,22.54,40.78,45.3123,18.2,2,63.32
Test 2,CLA,2020,CLA - 2020,Dunphy,18,3,50,55,36,2,,,54.6744,18.8,2.5,
Test 2,CLA,2020,CLA - 2020,Dunphy,18,4,77,,28,1.5,,,34.3068,,2.5,
Test 2,CLA,2020,CLA - 2020,N09-09,19,1,13,49,38,2,19.56,46.45,51.3051,18,2.5,66.01
Test 2,CLA,2020,CLA - 2020,N09-09,19,2,33,59,39,2.5,18.43,48.27,50.0511,18.3,2,66.7
Test 2,CLA,2020,CLA - 2020,N09-09,19,3,57,55,40,2,,,22.2057,18.2,2,
Test 2,CLA,2020,CLA - 2020,N09-09,19,4,71,,36,2,,,42.8307,,2.5,
Test 2,CLA,2020,CLA - 2020,N10-687,20,1,11,55,37,1.5,19.7,45.09,55.2486,16,2,64.79
Test 2,CLA,2020,CLA - 2020,N10-687,20,2,24,55,36,1.5,19.91,44.07,54.1464,14,1.5,63.98
Test 2,CLA,2020,CLA - 2020,N10-687,20,3,52,55,38,1,,,45.0384,14.8,2,
Test 2,CLA,2020,CLA - 2020,N10-687,20,4,74,,33,1,,,32.7327,,1.5,
Test 2,CAS,2020,CAS - 2020,N18-1575,1,1,1,27,31,3.5,19.46,49.31,33.2013,19.4,3,68.77
Test 2,CAS,2020,CAS - 2020,N18-1575,1,2,38,,32,2,18.95,50.81,31.3929,19.7,2,69.76
Test 2,CAS,2020,CAS - 2020,N18-1575,1,3,54,,35,3.5,,,30.9969,19.7,3,
Test 2,CAS,2020,CAS - 2020,N18-1575,1,4,76,,35,3.5,,,32.6601,,,
Test 2,CAS,2020,CAS - 2020,N18-1579,2,1,9,27,35,4,21.65,44.18,27.324,18,1.5,65.83
Test 2,CAS,2020,CAS - 2020,N18-1579,2,2,24,26,41,3,21.57,44.25,35.1384,18.2,1.5,65.82
Test 2,CAS,2020,CAS - 2020,N18-1579,2,3,45,,36,3,,,36.3528,17.8,2,
Test 2,CAS,2020,CAS - 2020,N18-1579,2,4,68,,35,4,,,21.153,,,
Test 2,CAS,2020,CAS - 2020,N18-1628,3,1,14,27,33,3,18.49,50.19,32.0166,16.2,3,68.68
Test 2,CAS,2020,CAS - 2020,N18-1628,3,2,23,27,37,3,18.69,50.13,23.2551,15.9,3,68.82
Test 2,CAS,2020,CAS - 2020,N18-1628,3,3,58,,32,3.5,,,23.3277,15.7,3,
Test 2,CAS,2020,CAS - 2020,N18-1628,3,4,74,,35,4,,,33.8316,,,
Test 2,CAS,2020,CAS - 2020,N18-1615,4,1,16,26,38,3.5,21.37,44.11,28.9938,16.7,2,65.48
Test 2,CAS,2020,CAS - 2020,N18-1615,4,2,40,26,32,3,20.88,44.66,30.5844,18.6,2,65.54
Test 2,CAS,2020,CAS - 2020,N18-1615,4,3,59,,40,3,,,31.8285,18,3,
Test 2,CAS,2020,CAS - 2020,N18-1615,4,4,77,,36,3.5,,,40.3755,,,
Test 2,CAS,2020,CAS - 2020,N18-1796,5,1,10,26,37,3.5,18.9,49.58,33.8052,16.6,1.5,68.48
Test 2,CAS,2020,CAS - 2020,N18-1796,5,2,34,26,35,2.5,19.52,49.36,30.7065,15.3,1.5,68.88
Test 2,CAS,2020,CAS - 2020,N18-1796,5,3,47,,36,3,,,34.2144,16.6,1.5,
Test 2,CAS,2020,CAS - 2020,N18-1796,5,4,70,,33,4,,,24.7533,,,
Test 2,CAS,2020,CAS - 2020,N18-1659,6,1,2,27,36,4,19.5,48.4,28.0368,15.4,2,67.9
Test 2,CAS,2020,CAS - 2020,N18-1659,6,2,29,26,36,4,19.9,48.95,20.6976,15.9,3,68.85
Test 2,CAS,2020,CAS - 2020,N18-1659,6,3,41,,35,3,,,21.1167,14.8,1.5,
Test 2,CAS,2020,CAS - 2020,N18-1659,6,4,66,,34,4,,,21.8988,,,
Test 2,CAS,2020,CAS - 2020,N18-1643,7,1,7,28,38,3,20.71,44.87,33.4851,17.6,2,65.58
Test 2,CAS,2020,CAS - 2020,N18-1643,7,2,22,28,32,3,19.61,46.64,26.2086,18.7,2,66.25
Test 2,CAS,2020,CAS - 2020,N18-1643,7,3,49,,31,3,,,21.945,18.7,2,
Test 2,CAS,2020,CAS - 2020,N18-1643,7,4,80,,36,3,,,21.6909,,,
Test 2,CAS,2020,CAS - 2020,N18-1661,8,1,19,26,35,4,21.69,43.86,28.2579,16.4,1.5,65.55
Test 2,CAS,2020,CAS - 2020,N18-1661,8,2,37,26,37,3,21.48,44.32,37.4286,15.4,1.5,65.8
Test 2,CAS,2020,CAS - 2020,N18-1661,8,3,57,,38,4,,,34.6005,16.7,1.5,
Test 2,CAS,2020,CAS - 2020,N18-1661,8,4,65,,42,5,,,22.6479,,,
Test 2,CAS,2020,CAS - 2020,N18-1761,9,1,17,28,32,2.5,17.79,48.9,25.707,20.1,2,66.69
Test 2,CAS,2020,CAS - 2020,N18-1761,9,2,28,27,29,2,18.77,49.7,26.5683,19.5,2,68.47
Test 2,CAS,2020,CAS - 2020,N18-1761,9,3,55,,32,2.5,,,31.5348,19.6,2,
Test 2,CAS,2020,CAS - 2020,N18-1761,9,4,72,,36,2.5,,,31.2312,,,
Test 2,CAS,2020,CAS - 2020,N18-1820,10,1,15,27,31,4,20.95,43.86,11.8536,18.5,2,64.81
Test 2,CAS,2020,CAS - 2020,N18-1820,10,2,21,28,30,3.5,19.5,45.41,9.1245,19.8,2.5,64.91
Test 2,CAS,2020,CAS - 2020,N18-1820,10,3,52,,33,4,,,15.5166,19.4,2.5,
Test 2,CAS,2020,CAS - 2020,N18-1820,10,4,61,,35,5,,,12.2166,,,
Test 2,CAS,2020,CAS - 2020,N18-1586,11,1,11,26,31,3.5,20.8,46.97,36.4386,16.3,1.5,67.77
Test 2,CAS,2020,CAS - 2020,N18-1586,11,2,30,27,32,3.5,,,25.3737,16,1.5,
Test 2,CAS,2020,CAS - 2020,N18-1586,11,3,56,,33,4,,,31.0134,16.5,1.5,
Test 2,CAS,2020,CAS - 2020,N18-1586,11,4,73,,34,4,,,30.8451,,,
Test 2,CAS,2020,CAS - 2020,N18-1577,12,1,4,27,38,3.5,17.09,49.75,24.1032,16.8,2.5,66.84
Test 2,CAS,2020,CAS - 2020,N18-1577,12,2,25,26,37,3.5,18.59,50.63,27.0666,17.4,2,69.22
Test 2,CAS,2020,CAS - 2020,N18-1577,12,3,44,,36,3.5,,,30.7098,17.4,2,
Test 2,CAS,2020,CAS - 2020,N18-1577,12,4,78,,32,3.5,,,23.6148,,,
Test 2,CAS,2020,CAS - 2020,N18-1627,13,1,3,28,34,3,19.56,46.81,26.0172,19.3,2.5,66.37
Test 2,CAS,2020,CAS - 2020,N18-1627,13,2,33,27,31,2,20.22,46.86,31.4094,20.2,2.5,67.08
Test 2,CAS,2020,CAS - 2020,N18-1627,13,3,53,,33,3,,,20.3907,19.6,3,
Test 2,CAS,2020,CAS - 2020,N18-1627,13,4,62,,35,3.5,,,30.3897,,,
Test 2,CAS,2020,CAS - 2020,N18-1783,14,1,12,27,36,3.5,19.71,47.96,30.9969,17.7,3,67.67
Test 2,CAS,2020,CAS - 2020,N18-1783,14,2,39,28,34,2.5,19.19,48.04,22.1694,18,2,67.23
Test 2,CAS,2020,CAS - 2020,N18-1783,14,3,46,,35,3,,,25.7565,18.2,2,
Test 2,CAS,2020,CAS - 2020,N18-1783,14,4,64,,36,3.5,,,27.8652,,,
Test 2,CAS,2020,CAS - 2020,N18-1769,15,1,8,28,30,3,18.26,49.27,18.9387,18.3,3,67.53
Test 2,CAS,2020,CAS - 2020,N18-1769,15,2,31,29,32,3,16.63,50.34,15.1437,20.4,3,66.97
Test 2,CAS,2020,CAS - 2020,N18-1769,15,3,48,,30,2.5,,,16.6287,18.8,2,
Test 2,CAS,2020,CAS - 2020,N18-1769,15,4,71,,33,3,,,22.8261,,,
Test 2,CAS,2020,CAS - 2020,Osage,16,1,6,26,30,2.5,20.17,45.82,23.8689,15.1,3,65.99
Test 2,CAS,2020,CAS - 2020,Osage,16,2,36,26,28,2,20.46,46.31,31.8714,15.5,2,66.77
Test 2,CAS,2020,CAS - 2020,Osage,16,3,60,,32,3.5,,,15.3351,15.6,2,
Test 2,CAS,2020,CAS - 2020,Osage,16,4,79,,31,2.5,,,29.4822,,,
Test 2,CAS,2020,CAS - 2020,Ellis,17,1,13,28,29,2.5,19.84,43.3,24.0669,14.7,2,63.14
Test 2,CAS,2020,CAS - 2020,Ellis,17,2,35,26,30,1.5,21.44,42.61,34.8348,14.9,1.5,64.05
Test 2,CAS,2020,CAS - 2020,Ellis,17,3,42,,31,2.5,,,13.6686,13.7,2,
Test 2,CAS,2020,CAS - 2020,Ellis,17,4,69,,35,2.5,,,12.3354,,,
Test 2,CAS,2020,CAS - 2020,Dunphy,18,1,5,27,30,2,20.79,42.99,28.6473,17,2,63.78
Test 2,CAS,2020,CAS - 2020,Dunphy,18,2,27,26,27,1.5,21.58,42.63,34.3464,18.8,2,64.21
Test 2,CAS,2020,CAS - 2020,Dunphy,18,3,50,,30,2,,,24.5751,18.6,2.5,
Test 2,CAS,2020,CAS - 2020,Dunphy,18,4,63,,29,3,,,33.9306,,,
Test 2,CAS,2020,CAS - 2020,N09-09,19,1,18,28,36,3,19.63,45.86,29.3997,15.8,1.5,65.49
Test 2,CAS,2020,CAS - 2020,N09-09,19,2,26,26,37,2.5,19.93,46.31,36.0129,16.4,1,66.24
Test 2,CAS,2020,CAS - 2020,N09-09,19,3,43,,41,3.5,,,28.4724,16.8,1.5,
Test 2,CAS,2020,CAS - 2020,N09-09,19,4,75,,36,4,,,31.4028,,,
Test 2,CAS,2020,CAS - 2020,N10-687,20,1,20,26,31,1.5,20.34,43.14,45.0252,11.7,1,63.48
Test 2,CAS,2020,CAS - 2020,N10-687,20,2,32,28,35,1.5,20.55,44.56,34.0626,14,1,65.11
Test 2,CAS,2020,CAS - 2020,N10-687,20,3,51,,34,2.5,,,35.8116,12.6,1,
Test 2,CAS,2020,CAS - 2020,N10-687,20,4,67,,33,3,,,40.0719,,,
Test 2,CAS,2021,CAS - 2021,N18-1575,1,1,6,21,40,2.5,21.69,47.38,37.63596,17.3,1.5,69.07
Test 2,CAS,2021,CAS - 2021,N18-1575,1,2,27,21,42,2,21.3,46.14,30.6318,16.5,2,67.44
Test 2,CAS,2021,CAS - 2021,N18-1575,1,3,60,,37,,,,57.741,16.3,,
Test 2,CAS,2021,CAS - 2021,N18-1575,1,4,79,,,,,,63.09672,,,
Test 2,CAS,2021,CAS - 2021,N18-1579,2,1,1,22,34,2.5,22.98,41.75,62.985,14.5,1.5,64.73
Test 2,CAS,2021,CAS - 2021,N18-1579,2,2,22,21,40,2,22.75,40.96,61.503,14.4,1.5,63.71
Test 2,CAS,2021,CAS - 2021,N18-1579,2,3,50,,40,,,,57.82536,14.4,,
Test 2,CAS,2021,CAS - 2021,N18-1579,2,4,65,,,,,,52.46964,,,
Test 2,CAS,2021,CAS - 2021,N18-1628,3,1,14,23,40,2.5,20.64,48.78,20.9076,13.7,2,69.42
Test 2,CAS,2021,CAS - 2021,N18-1628,3,2,33,23,38,3,20.24,48.51,43.99944,15.4,2,68.75
Test 2,CAS,2021,CAS - 2021,N18-1628,3,3,41,,38,,,,46.83348,15,,
Test 2,CAS,2021,CAS - 2021,N18-1628,3,4,67,,,,,,59.79528,,,
Test 2,CAS,2021,CAS - 2021,N18-1615,4,1,11,20,36,2.5,22.33,43.15,62.90748,16.1,1.5,65.48
Test 2,CAS,2021,CAS - 2021,N18-1615,4,2,40,21,36,2.5,22.71,41.51,58.2312,15.9,1.5,64.22
Test 2,CAS,2021,CAS - 2021,N18-1615,4,3,43,,34,,,,60.02784,15.8,,
Test 2,CAS,2021,CAS - 2021,N18-1615,4,4,63,,,,,,67.88016,,,
Test 2,CAS,2021,CAS - 2021,N18-1796,5,1,10,21,38,3,21.48,46.7,55.07796,13,1.5,68.18
Test 2,CAS,2021,CAS - 2021,N18-1796,5,2,36,20,42,2.5,22,43.45,55.36296,12.7,1.5,65.45
Test 2,CAS,2021,CAS - 2021,N18-1796,5,3,54,,36,,,,65.8236,13.6,,
Test 2,CAS,2021,CAS - 2021,N18-1796,5,4,69,,,,,,59.1774,,,
Test 2,CAS,2021,CAS - 2021,N18-1659,6,1,5,20,41,1.5,21.61,46.52,46.41624,13.1,1.5,68.13
Test 2,CAS,2021,CAS - 2021,N18-1659,6,2,23,20,36,1.5,21.22,47.06,38.08056,14.4,1.5,68.28
Test 2,CAS,2021,CAS - 2021,N18-1659,6,3,56,,40,,,,49.03368,13.3,,
Test 2,CAS,2021,CAS - 2021,N18-1659,6,4,78,,,,,,57.9918,,,
Test 2,CAS,2021,CAS - 2021,N18-1643,7,1,2,22,42,2.5,23.12,42.69,58.9836,14.7,1.5,65.81
Test 2,CAS,2021,CAS - 2021,N18-1643,7,2,35,23,42,2.5,22.8,41.73,43.35876,14.3,1.5,64.53
Test 2,CAS,2021,CAS - 2021,N18-1643,7,3,59,,44,,,,61.52808,15.3,,
Test 2,CAS,2021,CAS - 2021,N18-1643,7,4,61,,,,,,56.2818,,,
Test 2,CAS,2021,CAS - 2021,N18-1661,8,1,4,20,42,1.5,22.26,42.34,27.83196,14.6,2,64.6
Test 2,CAS,2021,CAS - 2021,N18-1661,8,2,34,20,44,2,22.61,40.27,55.12356,13.5,1.5,62.88
Test 2,CAS,2021,CAS - 2021,N18-1661,8,3,49,,42,,,,64.66764,14.1,,
Test 2,CAS,2021,CAS - 2021,N18-1661,8,4,72,,,,,,66.11772,,,
Test 2,CAS,2021,CAS - 2021,N18-1761,9,1,15,20,34,2,20.78,48.3,32.57664,13.7,1.5,69.08
Test 2,CAS,2021,CAS - 2021,N18-1761,9,2,39,20,38,2,21.49,46.94,48.26076,16.6,1.5,68.43
Test 2,CAS,2021,CAS - 2021,N18-1761,9,3,47,,38,,,,62.5176,15.5,,
Test 2,CAS,2021,CAS - 2021,N18-1761,9,4,62,,,,,,66.34572,,,
Test 2,CAS,2021,CAS - 2021,N18-1820,10,1,20,22,40,1.5,23.16,41.53,60.11676,15.1,1.5,64.69
Test 2,CAS,2021,CAS - 2021,N18-1820,10,2,29,22,41,1.5,22.97,41.05,51.49608,16.7,1.5,64.02
Test 2,CAS,2021,CAS - 2021,N18-1820,10,3,46,,40,,,,59.49888,15.7,,
Test 2,CAS,2021,CAS - 2021,N18-1820,10,4,64,,,,,,60.62748,,,
Test 2,CAS,2021,CAS - 2021,N18-1586,11,1,8,20,38,2,21.51,44.44,46.35696,12.8,1.5,65.95
Test 2,CAS,2021,CAS - 2021,N18-1586,11,2,32,20,40,1.5,21.67,43.12,56.51436,13.5,1.5,64.79
Test 2,CAS,2021,CAS - 2021,N18-1586,11,3,58,,38,,,,68.36808,13.9,,
Test 2,CAS,2021,CAS - 2021,N18-1586,11,4,73,,,,,,63.04656,,,
Test 2,CAS,2021,CAS - 2021,N18-1577,12,1,9,20,39,2.5,20.67,47.79,54.2412,15.1,1.5,68.46
Test 2,CAS,2021,CAS - 2021,N18-1577,12,2,31,21,38,2,21.02,46.93,53.86044,14.7,1.5,67.95
Test 2,CAS,2021,CAS - 2021,N18-1577,12,3,52,,42,,,,59.41224,15.1,,
Test 2,CAS,2021,CAS - 2021,N18-1577,12,4,71,,,,,,61.89744,,,
Test 2,CAS,2021,CAS - 2021,N18-1627,13,1,13,20,38,2,21.67,44.47,44.12028,15.3,1.5,66.14
Test 2,CAS,2021,CAS - 2021,N18-1627,13,2,25,20,38,1.5,22.71,41.92,41.45496,15.7,1.5,64.63
Test 2,CAS,2021,CAS - 2021,N18-1627,13,3,45,,38,,,,61.32744,15.1,,
Test 2,CAS,2021,CAS - 2021,N18-1627,13,4,74,,,,,,58.81488,,,
Test 2,CAS,2021,CAS - 2021,N18-1783,14,1,18,20,40,2.5,20.78,46.29,25.48128,13.2,2.5,67.07
Test 2,CAS,2021,CAS - 2021,N18-1783,14,2,28,20,40,2.5,21.47,46.03,29.127,14,1.5,67.5
Test 2,CAS,2021,CAS - 2021,N18-1783,14,3,55,,42,,,,54.96396,13.8,,
Test 2,CAS,2021,CAS - 2021,N18-1783,14,4,66,,,,,,42.15264,,,
Test 2,CAS,2021,CAS - 2021,N18-1769,15,1,3,21,40,1.5,19.62,50.21,13.25592,10.7,2,69.83
Test 2,CAS,2021,CAS - 2021,N18-1769,15,2,30,20,36,1.5,21.76,45.63,47.21196,14.8,1.5,67.39
Test 2,CAS,2021,CAS - 2021,N18-1769,15,3,53,,38,,,,57.05016,15.2,,
Test 2,CAS,2021,CAS - 2021,N18-1769,15,4,77,,,,,,58.18104,,,
Test 2,CAS,2021,CAS - 2021,Osage,16,1,7,20,34,1.5,21.98,44.52,26.54832,11.1,1.5,66.5
Test 2,CAS,2021,CAS - 2021,Osage,16,2,26,21,36,1.5,21.44,43.38,49.81116,13.4,1.5,64.82
Test 2,CAS,2021,CAS - 2021,Osage,16,3,44,,36,,,,59.0064,13.8,,
Test 2,CAS,2021,CAS - 2021,Osage,16,4,76,,,,,,57.93252,,,
Test 2,CAS,2021,CAS - 2021,Ellis,17,1,16,22,36,2,22.6,39.6,32.81604,11.6,1.5,62.2
Test 2,CAS,2021,CAS - 2021,Ellis,17,2,38,22,40,2,22.52,40.29,41.71716,12.9,1.5,62.81
Test 2,CAS,2021,CAS - 2021,Ellis,17,3,51,,36,,,,25.87116,11.8,,
Test 2,CAS,2021,CAS - 2021,Ellis,17,4,70,,,,,,35.86668,,,
Test 2,CAS,2021,CAS - 2021,Dunphy,18,1,17,26,42,2.5,24.17,36.89,41.50968,14.6,1.5,61.06
Test 2,CAS,2021,CAS - 2021,Dunphy,18,2,24,26,40,2,23.06,37.81,35.05272,14.9,1.5,60.87
Test 2,CAS,2021,CAS - 2021,Dunphy,18,3,48,,43,,,,63.954,16.1,,
Test 2,CAS,2021,CAS - 2021,Dunphy,18,4,68,,,,,,62.74104,,,
Test 2,CAS,2021,CAS - 2021,N09-09,19,1,19,20,42,2,21.28,44.67,48.3246,15.8,1.5,65.95
Test 2,CAS,2021,CAS - 2021,N09-09,19,2,37,21,39,2.5,20.83,44.48,53.72592,15.9,1.5,65.31
Test 2,CAS,2021,CAS - 2021,N09-09,19,3,57,,40,,,,56.76516,15.4,,
Test 2,CAS,2021,CAS - 2021,N09-09,19,4,75,,,,,,55.06884,,,
Test 2,CAS,2021,CAS - 2021,N10-687,20,1,12,21,38,1.5,21.1,42.02,52.5198,10.9,1.5,63.12
Test 2,CAS,2021,CAS - 2021,N10-687,20,2,21,21,40,1.5,20.98,41.74,50.38572,11,1.5,62.72
Test 2,CAS,2021,CAS - 2021,N10-687,20,3,42,,44,,,,54.84768,11.7,,
Test 2,CAS,2021,CAS - 2021,N10-687,20,4,80,,,,,,56.16096,,,
Test 2,PLY,2021,PLY - 2021,N18-1575,1,1,5,14,26,1,20.51,49.72,41.73372,16.1,1,70.23
Test 2,PLY,2021,PLY - 2021,N18-1575,1,2,37,15,28,1.5,20.89,48.9,47.1744,14.2,1.5,69.79
Test 2,PLY,2021,PLY - 2021,N18-1575,1,3,57,,,,,,52.1766,15.4,,
Test 2,PLY,2021,PLY - 2021,N18-1575,1,4,73,,,,,,50.18832,,,
Test 2,PLY,2021,PLY - 2021,N18-1579,2,1,12,14,26,1.5,22.28,43.05,54.21528,13.2,1.5,65.33
Test 2,PLY,2021,PLY - 2021,N18-1579,2,2,23,13,27,1.5,21.89,42.72,53.26524,12.3,1.5,64.61
Test 2,PLY,2021,PLY - 2021,N18-1579,2,3,53,,,,,,48.65112,13.1,,
Test 2,PLY,2021,PLY - 2021,N18-1579,2,4,79,,,,,,48.69396,,,
Test 2,PLY,2021,PLY - 2021,N18-1628,3,1,13,17,38,1.5,20.32,49.47,47.05848,12.4,1.5,69.79
Test 2,PLY,2021,PLY - 2021,N18-1628,3,2,36,17,35,2,19.8,48.21,28.3626,12.6,1.5,68.01
Test 2,PLY,2021,PLY - 2021,N18-1628,3,3,42,,,,,,33.8562,11.6,,
Test 2,PLY,2021,PLY - 2021,N18-1628,3,4,63,,,,,,40.49136,,,
Test 2,PLY,2021,PLY - 2021,N18-1615,4,1,2,14,31,1,22.61,42.04,58.92516,13.6,1,64.65
Test 2,PLY,2021,PLY - 2021,N18-1615,4,2,35,15,30,1.5,22.28,42.76,27.4428,12.9,1.5,65.04
Test 2,PLY,2021,PLY - 2021,N18-1615,4,3,51,,,,,,58.0356,12.5,,
Test 2,PLY,2021,PLY - 2021,N18-1615,4,4,66,,,,,,55.1376,,,
Test 2,PLY,2021,PLY - 2021,N18-1796,5,1,8,15,34,1,20.26,47.87,54.48492,12,1,68.13
Test 2,PLY,2021,PLY - 2021,N18-1796,5,2,22,13,33,1.5,20.67,47.07,56.00448,11.3,1,67.74
Test 2,PLY,2021,PLY - 2021,N18-1796,5,3,43,,,,,,42.6258,11.7,,
Test 2,PLY,2021,PLY - 2021,N18-1796,5,4,80,,,,,,51.72552,,,
Test 2,PLY,2021,PLY - 2021,N18-1659,6,1,20,15,30,1,19.87,48.08,50.87628,11.9,1.5,67.95
Test 2,PLY,2021,PLY - 2021,N18-1659,6,2,31,13,32,1,21.07,45.78,43.6464,11.2,1.5,66.85
Test 2,PLY,2021,PLY - 2021,N18-1659,6,3,48,,,,,,49.0896,12,,
Test 2,PLY,2021,PLY - 2021,N18-1659,6,4,71,,,,,,50.4252,,,
Test 2,PLY,2021,PLY - 2021,N18-1643,7,1,6,16,24,1,21.71,45.03,34.02504,13.2,1.5,66.74
Test 2,PLY,2021,PLY - 2021,N18-1643,7,2,26,16,,1,22.42,43.25,13.18968,11.4,,65.67
Test 2,PLY,2021,PLY - 2021,N18-1643,7,3,56,,,,,,53.33832,12.8,,
Test 2,PLY,2021,PLY - 2021,N18-1643,7,4,76,,,,,,47.00808,,,
Test 2,PLY,2021,PLY - 2021,N18-1661,8,1,16,15,30,2,21.84,43.21,37.9134,11.9,1.5,65.05
Test 2,PLY,2021,PLY - 2021,N18-1661,8,2,21,13,32,2,21,44.4,54.8226,11.9,1.5,65.4
Test 2,PLY,2021,PLY - 2021,N18-1661,8,3,55,,,,,,58.3632,12,,
Test 2,PLY,2021,PLY - 2021,N18-1661,8,4,68,,,,,,49.09212,,,
Test 2,PLY,2021,PLY - 2021,N18-1761,9,1,19,12,27,1,18.98,49.83,49.73976,12.1,1,68.81
Test 2,PLY,2021,PLY - 2021,N18-1761,9,2,30,13,28,1,20.08,48.56,50.93676,13.9,1,68.64
Test 2,PLY,2021,PLY - 2021,N18-1761,9,3,50,,,,,,57.39552,13,,
Test 2,PLY,2021,PLY - 2021,N18-1761,9,4,67,,,,,,51.40296,,,
Test 2,PLY,2021,PLY - 2021,N18-1820,10,1,1,14,32,1,22.1,43.18,53.16696,13.5,1.5,65.28
Test 2,PLY,2021,PLY - 2021,N18-1820,10,2,33,13,30,2,22.79,42.06,42.50988,13.4,1.5,64.85
Test 2,PLY,2021,PLY - 2021,N18-1820,10,3,44,,,,,,55.08972,13.3,,
Test 2,PLY,2021,PLY - 2021,N18-1820,10,4,61,,,,,,57.6702,,,
Test 2,PLY,2021,PLY - 2021,N18-1586,11,1,3,14,26,1,21.23,45.48,48.78972,11.5,1.5,66.71
Test 2,PLY,2021,PLY - 2021,N18-1586,11,2,39,16,27,1.5,20.66,45.8,50.46048,11.9,1,66.46
Test 2,PLY,2021,PLY - 2021,N18-1586,11,3,58,,,,,,48.59316,11.9,,
Test 2,PLY,2021,PLY - 2021,N18-1586,11,4,75,,,,,,54.1422,,,
Test 2,PLY,2021,PLY - 2021,N18-1577,12,1,17,13,29,1.5,19.58,48.56,54.92088,13.7,1.5,68.14
Test 2,PLY,2021,PLY - 2021,N18-1577,12,2,27,15,29,1.5,20.6,48.09,42.10164,13.7,1.5,68.69
Test 2,PLY,2021,PLY - 2021,N18-1577,12,3,45,,,,,,55.19556,14.3,,
Test 2,PLY,2021,PLY - 2021,N18-1577,12,4,78,,,,,,51.05772,,,
Test 2,PLY,2021,PLY - 2021,N18-1627,13,1,15,13,36,1,19.96,47.46,44.226,14.8,1.5,67.42
Test 2,PLY,2021,PLY - 2021,N18-1627,13,2,32,12,32,1,20.87,45.44,54.03132,13.3,1.5,66.31
Test 2,PLY,2021,PLY - 2021,N18-1627,13,3,41,,,,,,55.5282,14,,
Test 2,PLY,2021,PLY - 2021,N18-1627,13,4,77,,,,,,48.31848,,,
Test 2,PLY,2021,PLY - 2021,N18-1783,14,1,18,13,32,1,20.81,46.7,46.20168,13.1,1.5,67.51
Test 2,PLY,2021,PLY - 2021,N18-1783,14,2,34,16,30,1,21.91,44.88,19.23768,13.5,1.5,66.79
Test 2,PLY,2021,PLY - 2021,N18-1783,14,3,59,,,,,,47.22228,11.4,,
Test 2,PLY,2021,PLY - 2021,N18-1783,14,4,72,,,,,,51.44076,,,
Test 2,PLY,2021,PLY - 2021,N18-1769,15,1,14,13,25,1,20.4,48.27,49.93632,13,1.5,68.67
Test 2,PLY,2021,PLY - 2021,N18-1769,15,2,29,12,24,1,20.22,47.1,41.22216,12.2,2,67.32
Test 2,PLY,2021,PLY - 2021,N18-1769,15,3,52,,,,,,46.12104,13.6,,
Test 2,PLY,2021,PLY - 2021,N18-1769,15,4,64,,,,,,46.33776,,,
Test 2,PLY,2021,PLY - 2021,Osage,16,1,11,4,28,1,20.68,45.5,55.60128,12,1.5,66.18
Test 2,PLY,2021,PLY - 2021,Osage,16,2,25,5,,1.5,21.07,45.01,20.6388,11.9,,66.08
Test 2,PLY,2021,PLY - 2021,Osage,16,3,46,,,,,,55.34172,13.4,,
Test 2,PLY,2021,PLY - 2021,Osage,16,4,62,,,,,,62.55648,,,
Test 2,PLY,2021,PLY - 2021,Ellis,17,1,4,11,24,1,21.93,41.64,52.2774,11.8,1.5,63.57
Test 2,PLY,2021,PLY - 2021,Ellis,17,2,38,11,24,1,22.67,40.95,38.83824,11.6,1.5,63.62
Test 2,PLY,2021,PLY - 2021,Ellis,17,3,60,,,,,,41.8572,12.1,,
Test 2,PLY,2021,PLY - 2021,Ellis,17,4,65,,,,,,57.66516,,,
Test 2,PLY,2021,PLY - 2021,Dunphy,18,1,9,18,26,1,22.14,41.44,58.89996,13.5,1,63.58
Test 2,PLY,2021,PLY - 2021,Dunphy,18,2,40,12,28,1.5,22.15,41.42,51.78348,12.5,1,63.57
Test 2,PLY,2021,PLY - 2021,Dunphy,18,3,54,,,,,,56.9016,14.6,,
Test 2,PLY,2021,PLY - 2021,Dunphy,18,4,69,,,,,,58.31532,,,
Test 2,PLY,2021,PLY - 2021,N09-09,19,1,10,18,31,1,20.6,46.35,61.39728,14.3,1.5,66.95
Test 2,PLY,2021,PLY - 2021,N09-09,19,2,28,20,32,1.5,21,44.07,47.30544,14.5,1,65.07
Test 2,PLY,2021,PLY - 2021,N09-09,19,3,47,,,,,,55.62144,14,,
Test 2,PLY,2021,PLY - 2021,N09-09,19,4,70,,,,,,53.0964,,,
Test 2,PLY,2021,PLY - 2021,N10-687,20,1,7,18,32,1,21.45,43.29,55.13508,10.1,1,64.74
Test 2,PLY,2021,PLY - 2021,N10-687,20,2,24,20,32,1,21.28,42.14,43.54056,11.4,1,63.42
Test 2,PLY,2021,PLY - 2021,N10-687,20,3,49,,,,,,44.44776,10.8,,
Test 2,PLY,2021,PLY - 2021,N10-687,20,4,74,,,,,,51.00984,,,
